Movie,Year,Ratings,Genre,Gross,Budget,Screens,Sequel,Sentiment,Views,Likes,Dislikes,Comments,Aggregate Followers
13 Sins,2014,6.3,8,9130,4000000.0,45.0,1,0,3280543.0,4632.0,425,636.0,1120000.0
22 Jump Street,2014,7.1,1,192000000,50000000.0,3306.0,2,2,583289.0,3465.0,61,186.0,12350000.0
3 Days to Kill,2014,6.2,1,30700000,28000000.0,2872.0,1,0,304861.0,328.0,34,47.0,483000.0
300: Rise of an Empire,2014,6.3,1,106000000,110000000.0,3470.0,2,0,452917.0,2429.0,132,590.0,568000.0
A Haunted House 2,2014,4.7,8,17300000,3500000.0,2310.0,2,0,3145573.0,12163.0,610,1082.0,1923800.0
A Long Way Off,2014,4.6,3,29000,500000.0,2777.0,1,0,91137.0,112.0,7,1.0,310000.0
A Million Ways to Die in the West,2014,6.1,8,42600000,40000000.0,3158.0,1,0,3013011.0,9595.0,419,1020.0,8153000.0
A Most Violent Year,2014,7.1,1,5750000,20000000.0,818.0,1,2,1854103.0,2207.0,197,593.0,130655.0
A Walk Among the Tombstones,2014,6.5,10,26000000,28000000.0,2714.0,1,3,2213659.0,2210.0,419,382.0,125646.0
About Last Night,2014,6.1,8,48600000,12500000.0,2253.0,1,0,5218079.0,11709.0,532,770.0,21663910.0
American Sniper,2014,7.3,1,350000000,58800000.0,3555.0,1,4,3927600.0,13143.0,573,3134.0,24300.0
And So It Goes,2014,5.7,8,15200000,30000000.0,1762.0,1,0,519327.0,963.0,94,70.0,386400.0
Annabelle,2014,5.4,15,84300000,6500000.0,3185.0,1,0,17993514.49999996,38810.0,4382,4392.0,19420105.0
Annie,2014,5.2,8,85900000,65000000.0,3116.0,1,0,930006.0,5150.0,707,1484.0,5130800.0
Atlas Shrugged: Who Is John Galt?,2014,4.4,3,830000,5000000.0,65.0,3,0,595194.0,85.0,36,39.0,15112.0
Barefoot,2014,6.6,8,11800,6000000.0,18.0,1,2,3915978.0,6983.0,247,460.0,253000.0
Better Living Through Chemistry,2014,6.3,8,72300,5000000.0,25.0,1,0,1391527.0,2479.0,146,182.0,1658900.0
Beyond the Lights,2014,6.9,3,14600000,7000000.0,31.0,1,0,1828235.0,7633.0,235,685.0,116100.0
Big Hero 6,2014,7.9,12,222000000,165000000.0,3761.0,1,29,4700023.0,14163.0,538,1293.0,199800.0
Black or White,2014,6.6,3,21600000,9000000.0,1823.0,1,-1,1348142.0,4404.0,307,1033.0,888000.0
Blended,2014,6.5,8,46300000,40000000.0,3555.0,1,-2,7977747.0,18690.0,1940,2214.0,2417000.0
Boyhood,2014,8.0,3,25400000,4000000.0,771.0,1,9,1671367.0,4572.0,207,741.0,105000.0
Brick Mansions,2014,5.7,1,20300000,28000000.0,2647.0,1,0,2088644.0,6633.0,255,1235.0,3209000.0
Cake,2014,6.5,3,1870000,7000000.0,482.0,1,2,4398243.0,9202.0,454,1150.0,4769100.0
Camp X-Ray,2014,7.0,3,9840,1000000.0,2777.0,1,3,7128.0,4.6000000000000005,0,0.30000000000000027,2182.0
Cantinflas,2014,6.7,9,6370000,3000000.0,382.0,1,3,2902492.0,9522.0,558,2296.0,1052600.0
Captain America: The Winter Soldier,2014,7.8,1,260000000,170000000.0,3938.0,2,5,760262.0,2918.0,66,837.0,8030000.0
Dawn of the Planet of the Apes,2014,7.7,1,209000000,170000000.0,3967.0,2,-4,1735700.0,6772.0,187,889.0,114000.0
Deliver Us from Evil,2014,6.2,10,30500000,30000000.0,97.0,1,0,465219.0,1348.0,72,162.0,744600.0
Devil's Due,2014,4.0,15,15800000,7000000.0,2544.0,1,0,1844690.0,3728.0,581,729.0,9536.0
Divergent,2014,6.8,2,151000000,85000000.0,3936.0,1,-4,463866.0,3400.0,152,987.0,1030000.0
Dolphin Tale 2,2014,6.4,3,42000000,36000000.0,3376.0,2,-1,384448.0,1230.0,129,228.0,276750.0
Dracula Untold,2014,6.3,1,55900000,70000000.0,2777.0,1,0,9149892.0,26427.0,1342,5278.0,395500.0
Draft Day,2014,6.8,3,28800000,27000000.0,2781.0,1,0,522630.0,1248.0,153,227.0,147000.0
Dumb and Dumber To,2014,5.8,8,86200000,35000000.0,3154.0,3,0,3287020.0,7698.0,446,1122.0,17064000.0
Earth to Echo,2014,5.8,2,38900000,13000000.0,3230.0,1,0,1488038.0,2571.0,553,643.0,88586.0
Edge of Tomorrow,2014,7.9,1,100000000,178000000.0,3490.0,1,0,15568277.0,29251.0,1730,6439.0,5610000.0
Endless Love,2014,6.3,3,23400000,20000000.0,2800.0,1,1,11850723.0,24226.0,1343,2577.0,21500.0
Falcon Rising,2014,5.7,1,8690,4500000.0,2777.0,1,0,735551.0,636.0,98,92.0,1060000.0
Foxcatcher,2014,7.1,9,1210000,24000000.0,66.0,1,6,6685088.0,8369.0,467,1580.0,13720000.0
Fury,2014,7.6,1,85700000,68000000.0,3313.0,1,3,2276605.0,3946.0,331,1286.0,1888000.0
God Help the Girl,2014,6.4,3,102000,1850000.0,8.0,1,-4,1034480.0,6490.0,181,374.0,66600.0
God's Not Dead,2014,5.0,3,60800000,2000000.0,780.0,1,0,456564.0,1706.0,413,890.0,412000.0
God's Pocket,2014,6.1,10,104000,1000000.0,3.0,1,0,99427.0,47.0,10,12.0,1052600.0
Godzilla,2014,6.5,1,201000000,160000000.0,3952.0,1,2,1156609.0,2968.0,112,547.0,1870000.0
Gone Girl,2014,8.2,3,168000000,61000000.0,3014.0,1,-11,396010.0,1390.0,58,342.0,20640000.0
Guardians of the Galaxy,2014,8.1,1,333000000,170000000.0,4080.0,1,0,1313548.0,8567.0,269,1285.0,2750000.0
Happy Christmas,2014,5.6,8,30100,160000.00000000006,9.0,1,0,924347.0,1406.0,107,132.0,5887700.0
Heaven Is for Real,2014,5.8,3,91400000,12000000.0,2417.0,1,-9,175017.0,461.0,34,133.0,1052600.0
Hercules,2014,6.1,1,72700000,100000000.0,3595.0,1,-2,9324678.0,15479.0,1130,3925.0,9414000.0
Horrible Bosses 2,2014,6.3,8,54400000,42000000.0,93.0,2,-1,1292235.0,5284.0,124,362.0,1650000.0
How to Train Your Dragon 2,2014,7.9,12,177000000,145000000.0,4253.0,2,3,11472161.0,22779.0,862,2863.0,671000.0
If I Stay,2014,6.8,3,50500000,11000000.0,1272.0,1,14,9222933.0,41728.0,924,3609.0,1800000.0
In the Name of My Daughter,2014,6.1,3,275000,8932779.93,6.0,1,0,8210.0,6.0,0,0.30000000000000027,58900.0
Inherent Vice,2014,6.7,8,8090000,20000000.0,645.0,1,1,1167941.0,2651.0,82,797.0,1052600.0
Interstellar,2014,8.7,2,188000000,165000000.0,3561.0,1,2,5421705.0,16635.0,751,4316.0,1865000.0
Into the Storm,2014,5.8,1,47600000,50000000.0,3434.0,1,0,4270410.0,8886.0,569,3058.0,301000.0
Into the Woods,2014,6.0,2,128000000,50000000.0,2440.0,1,-4,817242.0,4391.0,112,346.0,4720000.0
It Follows,2014,6.9,15,14700000,2000000.0,4.0,1,-9,4877.0,6.0,1,1.0,1052600.0
Jack Ryan: Shadow Recruit,2014,6.2,1,50500000,60000000.0,3387.0,5,4,3320754.0,4322.0,347,1105.0,147000.0
Jersey Boys,2014,6.9,9,47000000,40000000.0,2905.0,1,10,1438350.0,4028.0,133,543.0,27323.0
John Wick,2014,7.2,1,43000000,20000000.0,2589.0,1,0,4846645.0,14722.0,405,2732.0,1052600.0
Kill the Messenger,2014,7.0,9,2450000,5000000.0,374.0,1,0,3650720.0,6917.0,234,1119.0,1045200.0
Kingsman: The Secret Service,2014,7.8,1,128000000,81000000.0,3204.0,1,0,2767873.0,46023.0,944,6946.0,5407000.0
Kung Fu Jungle,2014,6.5,1,129000,25000000.0,28.0,1,-2,289922.0,143.0,17,9.0,1052600.0
Left Behind,2014,3.1,1,14000000,16000000.0,1825.0,1,0,5611593.0,11187.0,2111,7595.0,116800.0
Let's Be Cops,2014,6.5,8,82400000,17000000.0,1534.0,1,-5,4450824.0,7315.0,546,909.0,2356000.0
Life After Beth,2014,5.7,8,8300,2400000.0,2777.0,1,0,1222921.0,5553.0,193,335.0,1463000.0
Locker 13,2014,4.8,7,5990,300000.0,3.0,1,0,30529.0,18.0,4,2.0,18100.0
Lucy,2014,6.4,1,127000000,40000000.0,3173.0,1,1,1142964.0,2346.0,167,311.0,1052600.0
Maleficent,2014,7.0,1,241000000,180000000.0,3948.0,1,0,557012.0,3528.0,135,464.0,5633.0
Maps to the Stars,2014,6.3,8,348000,15000000.0,66.0,1,0,177465.0,595.0,39,71.0,644000.0
Million Dollar Arm,2014,7.1,9,36400000,25000000.0,3019.0,1,27,1470438.0,4314.0,168,511.0,130000.0
Moms' Night Out,2014,5.4,8,10400000,5000000.0,1044.0,1,0,667852.0,469.0,38,44.0,919000.0
Mr. Peabody & Sherman,2014,6.9,12,112000000,145000000.0,3934.0,1,13,277848.0,890.0,45,88.0,8839043.0
Muppets Most Wanted,2014,6.5,2,51200000,50000000.0,3194.0,3,-1,3037329.0,6696.0,564,1061.0,9850000.0
My Old Lady,2014,6.3,8,4010000,5000000.0,255.0,1,0,446576.0,659.0,50,45.0,1052600.0
Need for Speed,2014,6.6,1,43600000,66000000.0,3115.0,1,5,1451649.0,7342.0,533,2305.0,2594000.0
Neighbors,2014,6.4,8,150000000,18000000.0,3279.0,1,2,2554307.0,8722.0,298,693.0,14240000.0
Night at the Museum: Secret of the Tomb,2014,6.3,2,114000000,127000000.0,22.0,3,2,3779254.0,13535.0,362,1221.0,6480000.0
Nightcrawler,2014,7.9,10,32300000,8500000.0,2766.0,1,-1,6082510.0,12522.0,543,2170.0,1052600.0
No Good Deed,2014,5.6,10,52500000,13200000.0,2130.0,1,0,608230.0,895.0,118,387.0,1550500.0
Noah,2014,5.9,1,101000000,125000000.0,3567.0,1,6,13661095.0,41254.0,3812,15389.599999999899,1810000.0
Non-Stop,2014,7.0,1,91400000,50000000.0,3090.0,1,0,367551.0,700.0,19,37.0,648786.0
Not Cool,2014,5.2,8,35700,600000.0,2777.0,1,0,5403836.0,54201.29999999993,3145,15389.599999999899,2720000.0
Ouija,2014,4.4,15,50800000,5000000.0,2061.0,1,-4,11724815.0,30208.0,2150,4926.0,130000.0
Paddington,2014,7.2,8,76100000,55000000.0,3303.0,1,14,2028767.0,3829.0,500,665.0,124000.0
Paranormal Activity: The Marked Ones,2014,5.0,15,32500000,5000000.0,2867.0,1,0,105480.0,352.0,45,85.0,11444.0
Penguins of Madagascar,2014,6.8,12,83300000,132000000.0,32.0,1,8,1223790.0,2934.0,123,226.0,47200.0
Planes: Fire & Rescue,2014,5.9,12,59200000,50000000.0,3826.0,3,0,2117798.0,2124.0,485,626.0,3603000.0
Pompeii,2014,5.6,1,23200000,100000000.0,2658.0,1,0,355563.0,1568.0,106,267.0,370000.0
Ride Along,2014,6.1,1,134000000,25000000.0,2663.0,1,0,8429023.0,27484.0,977,2195.0,21586000.0
Rio 2,2014,6.4,12,132000000,103000000.0,3948.0,2,4,3849768.0,9783.0,704,1151.0,154400.0
RoboCop,2014,6.2,1,58600000,100000000.0,3372.0,1,7,3305047.0,11733.0,1077,4319.0,250000.0
Rosewater,2014,6.6,9,3090000,5000000.0,371.0,1,1,909596.0,2214.0,186,632.0,1052600.0
Rudderless,2014,7.5,8,37400,5000000.0,2777.0,1,0,827239.0,3221.0,89,432.0,217000.0
Sabotage,2014,5.7,1,10500000,35000000.0,2486.0,1,17,3466458.0,6096.0,411,977.0,3678000.0
Selma,2014,7.5,9,52100000,20000000.0,2179.0,1,-5,3743181.0,16782.0,565,4973.0,9224.0
Serena,2014,5.4,3,176000,30000000.0,59.0,1,0,3726728.0,6221.0,405,1074.0,1052600.0
Seventh Son,2014,5.5,1,17200000,95000000.0,2875.0,1,0,23360.0,36.0,5,5.0,804300.0
Sex Tape,2014,5.1,8,38500000,40000000.0,3062.0,1,0,2757667.0,3030.0,418,251.0,4521000.0
Sin City: A Dame to Kill For,2014,6.6,10,13800000,65000000.0,2894.0,2,0,5223362.0,18770.0,627,2796.0,8620000.0
Son of God,2014,5.5,9,59700000,22000000.0,3260.0,1,2,943306.0,3006.0,325,1401.0,3185900.0
Song One,2014,5.8,3,20200,6000000.0,27.0,1,0,2426078.0,9230.0,184,373.0,33500.0
St. Vincent,2014,7.3,8,44100000,13000000.0,18.0,1,20,4176181.0,9463.0,310,885.0,269849.0
Taken 3,2014,6.1,1,89300000,48000000.0,21.0,3,6,1544390.0,2975.0,136,380.0,216000.0
Tammy,2014,4.8,8,84500000,20000000.0,3465.0,1,0,3429055.0,7682.0,675,727.0,727000.0
Teenage Mutant Ninja Turtles,2014,5.9,1,191000000,125000000.0,3845.0,1,0,7908038.0,27312.0,3439,8533.0,1260000.0
That Awkward Moment,2014,6.1,8,26000000,8000000.0,2809.0,1,0,6132551.0,14539.0,653,846.0,11783000.0
The Admiral,2014,7.1,2,2590000,9500000.0,1586.0,1,3,134353.0,280.0,43,308.0,1052600.0
The Amazing Spider-Man 2,2014,6.8,1,203000000,200000000.0,4324.0,2,6,386857.0,4996.0,233,864.0,4520000.0
The Babadook,2014,6.9,3,924000,2000000.0,147.0,1,-3,6501107.0,14139.0,890,2928.0,1052600.0
The Best of Me,2014,6.6,3,26800000,26000000.0,8.0,1,3,5546710.0,15351.0,535,1271.0,48231.0
The Book of Life,2014,7.3,12,50200000,50000000.0,12.0,1,9,5165441.0,17476.0,871,3229.0,10364000.0
The Boxtrolls,2014,6.8,12,50800000,60000000.0,3464.0,1,5,2545852.0,3964.0,378,554.0,1280000.0
The Devil's Hand,2014,4.8,7,5990,7000000.0,2777.0,1,0,330363.0,406.0,52,92.0,1052600.0
The Drop,2014,7.1,10,10700000,12600000.0,809.0,1,-1,2897407.0,5953.0,153,569.0,1052600.0
The Equalizer,2014,7.2,1,102000000,55000000.0,3236.0,1,0,7075635.0,15858.0,574,1966.0,1800000.0
The Expendables 3,2014,6.1,1,39300000,90000000.0,90.0,3,0,14453673.0,33092.0,1336,5005.0,1480000.0
The Fault in Our Stars,2014,7.9,3,125000000,12000000.0,3173.0,1,7,17993514.49999996,54201.29999999993,4752,15389.599999999899,4240000.0
The Fluffy Movie: Unity Through Laughter,2014,7.0,8,2820000,28000000.0,432.0,1,0,10747.0,4.6000000000000005,1,1.0,818000.0
The Gambler,2014,6.1,10,33600000,25000000.0,103.0,1,-2,4790221.0,4740.0,454,773.0,2740000.0
The Giver,2014,6.5,3,45100000,25000000.0,702.0,1,6,523457.0,2187.0,149,565.0,184100.0
The Good Lie,2014,7.4,3,2720000,20000000.0,461.0,1,10,1303646.0,3306.0,211,564.0,759800.0
The Hobbit: The Battle of the Five Armies,2014,7.5,2,255000000,206999999.99999988,3875.0,6,3,3554189.0,14152.0,262,1782.0,2613000.0
The Homesman,2014,6.6,3,2430000,16000000.0,4.0,1,2,26528.0,58.0,1,8.0,25748.0
The Hundred-Foot Journey,2014,7.3,8,54200000,22000000.0,2023.0,1,11,24809.0,277.0,12,52.0,20700.0
The Hunger Games: Mockingjay - Part 1,2014,6.8,2,337000000,125000000.0,4151.0,3,2,3305417.0,14684.0,332,1176.0,21663910.0
The Identical,2014,5.0,3,2820000,12000000.0,2777.0,1,0,309610.0,729.0,97,113.0,275873.0
The Imitation Game,2014,8.1,9,91100000,14000000.0,747.0,1,9,3047849.0,11748.0,253,1237.0,1052600.0
The Interview,2014,6.7,1,6110000,44000000.0,78.0,1,0,6231191.0,13331.0,1265,3430.0,6619435.0
The Judge,2014,7.5,10,47100000,50000000.0,3003.0,1,2,1325872.0,4829.0,104,378.0,5563500.0
The Legend of Hercules,2014,4.2,1,18800000,70000000.0,2104.0,1,0,797229.0,1606.0,630,456.0,1174806.0
The Lego Movie,2014,7.8,12,258000000,60000000.0,3775.0,1,-2,439159.0,1847.0,105,289.0,4690000.0
The Loft,2014,6.3,6,5980000,14000000.0,1841.0,1,2,381071.0,238.0,27,43.0,14586.0
The Maze Runner,2014,6.8,1,102000000,34000000.0,173.0,1,2,3156436.0,18124.0,213,2753.0,4734000.0
The Monuments Men,2014,6.1,3,78000000,70000000.0,3083.0,1,0,10649.0,21.0,1,0.30000000000000027,3849.0
The November Man,2014,6.3,1,25000000,15000000.0,2776.0,1,0,1935432.0,3089.0,155,567.0,148000.0
The Nut Job,2014,5.8,12,64200000,42000000.0,3427.0,1,0,2269032.0,3046.0,546,554.0,1052600.0
The One I Love,2014,7.1,8,512000,160000.00000000006,20.0,1,2,1223891.0,1309.0,148,239.0,226000.0
The Other Woman,2014,6.0,8,83900000,40000000.0,3205.0,1,-1,8479994.0,35071.0,2233,3479.0,2731000.0
The Purge: Anarchy,2014,6.5,1,71500000,9000000.0,2805.0,2,-3,1142295.0,3895.0,193,882.0,49424.0
The Pyramid,2014,4.7,15,2750000,6500000.0,685.0,1,0,4092871.0,8781.0,794,2046.0,420000.0
The Rover,2014,6.4,10,1110000,12250000.0,5.0,1,0,3062.600000000001,4.6000000000000005,0,1.0,9842.0
The Salvation,2014,6.8,3,5990,11712310.56,2.0,1,0,253631.0,170.0,11,58.0,1052600.0
The Theory of Everything,2014,7.8,9,35900000,15000000.0,15.0,1,8,3226251.0,18240.0,261,2104.0,8204.0
The Water Diviner,2014,7.2,3,4190000,22500000.0,320.0,1,7,3281842.0,4968.0,445,2099.0,1899400.0
The Woman in Black 2: Angel of Death,2014,4.9,3,26500000,1000000.0,2602.0,2,-6,3062.600000000001,16.0,1,9.0,3086.0
Think Like a Man Too,2014,5.7,8,65200000,24000000.0,2225.0,2,0,2063089.0,5858.0,336,346.0,21663910.0
Transcendence,2014,6.3,3,23000000,100000000.0,3455.0,1,0,14141585.0,36646.0,1459,6811.0,5987.0
Transformers: Age of Extinction,2014,5.8,1,245000000,206999999.99999988,4233.0,4,0,170909.0,791.0,362,230.0,2814900.0
Tusk,2014,5.4,8,1820000,2800000.0,449.0,1,0,473100.0,670.0,104,380.0,180100.0
Unbroken,2014,7.2,9,116000000,65000000.0,3131.0,1,0,6637551.0,19833.0,815,3403.0,269000.0
Veronica Mars,2014,6.8,10,3320000,6000000.0,291.0,1,10,476747.0,2079.0,166,232.0,2536000.0
When the Game Stands Tall,2014,6.6,3,30100000,15000000.0,794.0,1,0,280566.0,477.0,56,82.0,585000.0
Whiplash,2014,8.6,3,13100000,3300000.0,42.0,1,2,7750223.0,17541.0,631,2760.0,858000.0
White God,2014,6.9,3,280000,2487820.27,2.0,1,11,166612.0,571.0,36,70.0,1052600.0
Wild,2014,7.2,2,37900000,15000000.0,1061.0,1,0,5976092.0,9343.0,649,1333.0,781200.0
Wild Tales,2014,8.2,8,3080000,3300000.0,4.0,1,7,697105.0,1023.0,39,429.0,1052600.0
Winter's Tale,2014,6.2,3,22500,60000000.0,2965.0,1,0,719976.0,1312.0,76,189.0,1810000.0
Wish I Was Here,2014,6.7,8,3590000,6000000.0,68.0,1,0,865690.0,1375.0,79,67.0,1818778.0
X-Men: Days of Future Past,2014,8.1,1,234000000,200000000.0,3996.0,7,3,3062.600000000001,9.0,0,1.0,10280000.0
Yves Saint Laurent,2014,6.2,9,717000,12000000.0,2.0,1,0,550734.0,894.0,44,77.0,168700.0
Jurassic World,2015,7.3,1,350000000,150000000.0,4274.0,4,1,9143740.0,34746.0,1074,5107.0,6180000.0
Avengers: Age of Ultron,2015,7.8,1,350000000,206999999.99999988,4276.0,2,21,10366624.0,31552.0,989,3843.0,10070000.0
Furious 7,2015,7.4,1,350000000,190000000.0,4004.0,7,-17,59056.0,330.0,8,39.0,11890000.0
Inside Out,2015,8.6,12,345000000,175000000.0,3946.0,1,2,1438926.0,4632.0,262,496.0,232000.0
Minions,2015,6.6,1,325000000,74000000.0,4301.0,2,-2,1341909.0,1607.0,764,48.0,250000.0
Pitch Perfect 2,2015,6.7,8,183000000,29000000.0,3473.0,2,1,9214467.0,39824.0,998,1987.0,7336000.0
Mission: Impossible - Rogue Nation,2015,7.8,3,171000000,150000000.0,3956.0,5,3,8748596.0,20352.0,649,1842.0,6605000.0
Home,2015,6.7,8,177000000,135000000.0,3708.0,1,-2,10341783.0,24413.0,1675,3426.0,5070000.0
Fifty Shades of Grey,2015,4.2,3,166000000,40000000.0,3646.0,1,9,17993514.49999996,49900.0,13960,9119.0,946000.0
The SpongeBob Movie: Sponge Out of Water,2015,6.1,8,162000000,74000000.0,3641.0,2,0,5536822.0,29411.0,1840,1281.0,184000.0
San Andreas,2015,6.4,1,154000000,110000000.0,3777.0,1,3,12632836.0,36508.0,2210,7559.0,9737600.0
Mad Max: Fury Road,2015,8.3,1,153000000,150000000.0,3702.0,4,-4,2732371.0,13030.0,497,1774.0,768700.0
Straight Outta Compton,2015,8.3,9,135000000,28000000.0,2757.0,1,5,848970.0,12607.0,237,1560.0,55618.0
Insurgent,2015,6.4,2,130000000,110000000.0,3875.0,2,-6,2834800.0,5664.0,5746,66.0,4240000.0
Spy,2015,7.3,1,110000000,65000000.0,3711.0,1,0,6649290.0,20750.0,750,1666.0,265000.0
Trainwreck,2015,6.7,12,105000000,35000000.0,3158.0,1,1,9511288.0,19903.0,2581,2955.0,2014000.0
Tomorrowland,2015,6.6,12,93200000,190000000.0,3972.0,1,1,999867.0,4212.0,66,250.0,1198000.0
Get Hard,2015,6.1,8,90400000,40000000.0,3175.0,1,6,10078326.0,26565.0,1418,2395.0,2939000.0
Terminator Genisys,2015,6.8,1,89400000,155000000.0,3758.0,5,1,84870.0,265.0,13,63.0,3877901.0
Ted 2,2015,6.6,8,81300000,68000000.0,3442.0,2,5,6711914.0,29903.0,984,1767.0,10988000.0
Paul Blart: Mall Cop 2,2015,4.3,1,71000000,30000000.0,90.0,2,15,2389347.0,8809.0,935,892.0,1618000.0
Pixels,2015,5.6,1,71000000,88000000.0,3723.0,1,10,5340100.0,26134.0,2007,3717.0,2466000.0
Magic Mike XXL,2015,6.2,8,65900000,14800000.0,3355.0,2,7,5128288.0,18475.0,858,1579.0,8392000.0
The Wedding Ringer,2015,6.7,8,64500000,23000000.0,3003.0,1,-8,4826940.0,10521.0,478,755.0,2284000.0
Vacation,2015,6.3,2,54900000,31000000.0,3411.0,5,13,2554327.0,10062.0,464,871.0,2347000.0
Fantastic Four,2015,4.0,1,52700000,120000000.0,3995.0,1,20,7560211.0,24168.0,3524,7139.0,881000.0
Poltergeist,2015,5.0,15,47400000,35000000.0,3240.0,1,-5,3651828.0,13998.0,969,2205.0,2133.7
Jupiter Ascending,2015,5.5,1,47400000,176000000.0,3181.0,1,0,3920842.0,10535.0,565,1668.0,7460000.0
The Age of Adaline,2015,7.3,3,42500000,25000000.0,2991.0,1,11,11036701.0,50002.0,1005,3525.0,776000.0
Max,2015,7.0,1,41900000,20000000.0,2855.0,1,0,2947239.0,19201.0,625,1842.0,2133.7
The Longest Ride,2015,7.2,3,37400000,34000000.0,3366.0,1,19,2393017.0,13291.0,369,584.0,324925.0
The Gift,2015,7.6,1,36100000,5000000.0,1648.0,1,11,2513544.0,6970.0,270,1105.0,1655987.0
The Boy Next Door,2015,4.6,6,35400000,4000000.0,2602.0,1,16,5588384.0,15144.0,913,1499.0,4599000.0
Hot Pursuit,2015,5.0,1,34500000,35000000.0,3003.0,1,2,6964819.0,26601.0,1111,1293.0,1630000.0
The DUFF,2015,6.6,8,34000000,8500000.0,2575.0,1,2,12792898.0,54201.29999999993,2083,4102.0,6714000.0
Woman in Gold,2015,7.4,10,33300000,11000000.0,258.0,1,19,6495.0,82.0,3,7.0,675000.0
Entourage,2015,7.1,3,32400000,30000000.0,3108.0,1,6,1841293.0,5879.0,314,634.0,788000.0
Paper Towns,2015,6.9,3,31400000,12000000.0,3031.0,1,6,2854910.0,23254.0,459,1087.0,4184000.0
The Lazarus Effect,2015,5.2,8,25800000,3300000.0,2666.0,1,7,4442147.0,10605.0,691,2739.0,2007000.0
Sinister 2,2015,5.5,1,19000000,10000000.0,2766.0,2,-38,11037833.0,36874.0,1885,4360.0,5699.0
Ricki and the Flash,2015,6.1,3,23500000,18000000.0,1603.0,1,25,638374.0,4018.0,130,269.0,2133.7
Project Almanac,2015,6.4,8,22300000,12000000.0,2893.0,1,7,6646785.0,16041.0,955,2787.0,253499.0
Hitman: Agent 47,2015,5.9,8,16100000,35000000.0,3261.0,1,10,13154873.0,46684.0,3565,8578.0,209000.0
Dope,2015,7.5,8,16800000,700000.0,2002.0,1,2,50444.0,238.0,3,28.0,986572.0
Hot Tub Time Machine 2,2015,5.1,8,12300000,14000000.0,2880.0,2,9,11496.0,194.0,9,31.0,1891977.0
American Ultra,2015,6.5,1,10900000,28000000.0,2778.0,1,21,2996539.0,1874.0,32,189.0,155000.0
The Gunman,2015,5.8,8,10600000,40000000.0,2816.0,1,3,3098749.0,4311.0,341,881.0,1520000.0
Mortdecai,2015,5.5,8,7610000,60000000.0,2648.0,1,-2,3850758.0,13363.0,453,1276.0,3045000.0
Blackhat,2015,5.4,3,7100000,70000000.0,2567.0,1,4,2409338.0,6923.0,340,714.0,1334000.0
Me and Earl and the Dying Girl,2015,8.2,8,6740000,8000000.0,34.0,1,15,4032265.0,18398.0,302,1298.0,2208.0
The Vatican Tapes,2015,4.5,15,1710000,8495000.0,420.0,1,-2,1364537.0,3824.0,689,772.0,3841.0
Maggie,2015,5.6,3,131000,4500000.0,79.0,1,10,5085068.0,14359.0,600,2468.0,3744000.0
Americons,2015,7.3,3,129000,4000000.0,14.0,1,0,63724.0,115.0,28,14.0,129000.0
Road Hard,2015,6.3,3,106000,1500000.0,22.0,1,14,44963.0,109.0,27,42.0,1188000.0
Ant-Man,2015,7.8,1,169000000,130000000.0,3856.0,1,18,9597644.0,32558.0,2672,8359.0,1052600.0
Southpaw,2015,7.7,1,49500000,30000000.0,2772.0,1,6,11476882.0,40496.0,1383,4435.0,1052600.0
Ex Machina,2015,7.7,3,25400000,15000000.0,1255.0,1,3,419470.0,2218.0,46,239.0,1052600.0
The Man from U.N.C.L.E.,2015,7.6,6,34600000,75000000.0,3638.0,1,8,5216680.0,20010.0,500,2300.0,1052600.0
Cinderella,2015,7.1,8,201000000,95000000.0,3845.0,1,2,10164908.0,22726.0,4245,5262.0,1052600.0
Chappie,2015,7.0,1,31600000,49000000.0,3201.0,1,8,7384182.0,23597.0,786,3481.0,1052600.0
Brotherly Love,2015,6.9,8,444000,1900000.0,200.0,1,0,890619.0,6352.0,293,700.0,1052600.0
Run All Night,2015,6.6,8,26400000,50000000.0,3171.0,1,3,5671767.0,10073.0,480,1712.0,1052600.0
The Second Best Exotic Marigold Hotel,2015,6.6,1,33100000,10000000.0,1573.0,2,26,831044.0,2427.0,99,247.0,1052600.0
Child 44,2015,6.4,4,1210000,50000000.0,66.0,1,4,3701061.0,9325.0,641,1859.0,1052600.0
Aloha,2015,5.5,15,21000000,37000000.0,2815.0,1,13,7119456.0,18803.0,1128,2290.0,1052600.0
Unfinished Business,2015,5.4,8,10200000,35000000.0,2777.0,1,7,3450614.0,6823.0,325,409.0,1052600.0
War Room,2015,5.4,1,12300000,3000000.0,2777.0,1,10,66872.0,400.0,67,201.0,1052600.0
The Gallows,2015,4.4,15,22600000,160000.00000000006,2720.0,1,-5,659772.0,2841.0,431,606.0,1052600.0
